{
  "ch_norm": {
    "mean": [
      2.5283985137939453,
      2.5389275550842285,
      2.559999942779541,
      2.5809805393218994,
      2.6089487075805664,
      2.6450352668762207,
      2.6858584880828857,
      2.739830493927002,
      2.8083252906799316,
      2.8884053230285645,
      2.976832389831543,
      3.6252424716949463,
      3.7542545795440674,
      3.9236466884613037,
      4.204751491546631,
      4.733581066131592,
      5.436053276062012,
      6.017930030822754,
      6.237672805786133,
      6.188933849334717,
      5.951827526092529,
      5.579276084899902,
      5.154762268066406,
      4.766949653625488,
      4.4477362632751465,
      4.1871490478515625,
      3.3501434326171875,
      3.203692674636841,
      3.0816147327423096,
      2.9728639125823975,
      2.8781416416168213
    ],
    "std": [
      1.4552538394927979,
      1.4571192264556885,
      1.458175539970398,
      1.4592511653900146,
      1.4618738889694214,
      1.4663469791412354,
      1.4718414545059204,
      1.4794737100601196,
      1.490371584892273,
      1.5085694789886475,
      1.5324938297271729,
      0.8749991655349731,
      0.8844926953315735,
      0.9164605736732483,
      1.0136692523956299,
      1.2801674604415894,
      1.523939609527588,
      1.5233370065689087,
      1.3535122871398926,
      1.1862996816635132,
      1.1134390830993652,
      1.1032521724700928,
      1.0591378211975098,
      0.9616894125938416,
      0.8870033621788025,
      0.8427285552024841,
      1.6223230361938477,
      1.5850223302841187,
      1.5660797357559204,
      1.5509389638900757,
      1.5339860916137695
    ]
  },
  "tab_norm": {
    "mean": [
      0.3513275980949402,
      12.10871410369873,
      0.035231392830610275,
      -0.05772018805146217,
      0.15386472642421722
    ],
    "std": [
      0.6505465507507324,
      14.472137451171875,
      5.047245025634766,
      3.7172234058380127,
      3.6607649326324463
    ]
  }
}