{
  "config_id": 5,
  "timestamp": "2025-11-26T19:34:36.616869",
  "latent_dim": 6,
  "projection_dim": 256,
  "lr": 0.001028794588454798,
  "lambda_contrast": 0.8603163273629584,
  "temperature": 0.01582019792075107,
  "som_x": 7,
  "som_y": 9,
  "som_size": 63,
  "n_hpo_trials": 300,
  "train_acc": 0.9921073798511965,
  "val_acc": 0.9875018598422853,
  "test_acc": 0.9861428353890666
}
