{
  "scaler": {
    "type": "MinMaxScaler",
    "scale": [
      0.03644648939371109,
      0.04063193500041962,
      0.03414726257324219,
      0.045507706701755524,
      0.05633428692817688,
      0.04014032334089279
    ],
    "min": [
      0.31737375259399414,
      0.6058123111724854,
      0.5579729676246643,
      0.5325292944908142,
      0.6782636642456055,
      0.5725582838058472
    ]
  },
  "pca": {
    "type": "PCA",
    "whiten": false,
    "components": [
      [
        -0.2757348120212555,
        0.49376046657562256,
        0.476206511259079,
        0.5193621516227722,
        0.14082108438014984,
        0.4047599732875824
      ],
      [
        -0.14834244549274445,
        0.18125775456428528,
        -0.253024697303772,
        -0.18219426274299622,
        0.914374828338623,
        -0.10882380604743958
      ],
      [
        0.7234930992126465,
        0.45435625314712524,
        0.0870903953909874,
        0.22041727602481842,
        0.04048778489232063,
        -0.46077150106430054
      ],
      [
        -0.024408766999840736,
        0.6730708479881287,
        -0.4042068421840668,
        -0.44289496541023254,
        -0.3005063831806183,
        0.31070345640182495
      ],
      [
        0.4710080027580261,
        -0.14088450372219086,
        0.4970078766345978,
        -0.4959200918674469,
        0.1995762586593628,
        0.4748881757259369
      ],
      [
        -0.395067423582077,
        0.20984235405921936,
        0.5396490693092346,
        -0.4543035626411438,
        -0.11096897721290588,
        -0.5384802222251892
      ]
    ],
    "mean": [
      0.30239245295524597,
      0.6743396520614624,
      0.5753129124641418,
      0.6019060611724854,
      0.6709678173065186,
      0.6510029435157776
    ],
    "explained_variance": [
      0.03517691418528557,
      0.013575561344623566,
      0.007458209525793791,
      0.002812847262248397,
      0.0013722367584705353,
      0.0010290065547451377
    ]
  }
}